{
    "Model": "codellama",
    "StatementExpression": 0.059169477863689285,
    "Assignment": 0.0416156670746634,
    "MemberReference": 0.2729498164014688,
    "ReturnStatement": 0.05731856584171717,
    "BinaryOperation": 0.12857867868764367,
    "Literal": 0.08126100844851777,
    "MethodInvocation": 0.13150431381914798,
    "WhileStatement": 0.02379317550825447,
    "BlockStatement": 0.04961638355673642,
    "IfStatement": 0.02624115592441114,
    "Cast": 0.005731856584171717,
    "BasicType": 0.010926351613577336,
    "ThrowStatement": 0.0011344299489506524,
    "ClassCreator": 0.013613159387407828,
    "This": 0.01215034182165567,
    "TernaryExpression": 0.001253843627787563,
    "ArraySelector": 0.004597426635221065,
    "LocalVariableDeclaration": 0.013792279905663193,
    "VariableDeclarator": 0.019464429650416455,
    "FieldDeclaration": 0.0027763680329581752,
    "ReferenceType": 0.010836791354449652,
    "TypeArgument": 0.0049556676717317965,
    "ClassReference": 0.0014926709854613846,
    "ForStatement": 0.0028659282920858583,
    "EnhancedForControl": 0.0012836970474967907,
    "VariableDeclaration": 0.002806221452667403,
    "ConstructorDeclaration": 0.0008358957518583754,
    "FormalParameter": 0.0070454070513777355,
    "ExplicitConstructorInvocation": 0.00014926709854613847,
    "MethodDeclaration": 0.005343762127951757,
    "ForControl": 0.0015822312445890677,
    "SuperMethodInvocation": 0.0006269218138937815,
    "TryStatement": 0.0005075081350568708,
    "CatchClause": 0.0005075081350568708,
    "CatchClauseParameter": 0.0005075081350568708,
    "ContinueStatement": 5.9706839418455386e-05,
    "BreakStatement": 0.0005075081350568708,
    "ArrayCreator": 0.0003283876168015046,
    "SynchronizedStatement": 2.9853419709227693e-05,
    "Statement": 2.9853419709227693e-05,
    "TypeParameter": 0.00014926709854613847,
    "SuperConstructorInvocation": 5.9706839418455386e-05,
    "len": 43
}