{
    "Model": "deepseek",
    "IfStatement": 0.02217926543900702,
    "BinaryOperation": 0.06918302980974667,
    "MemberReference": 0.20381863193949876,
    "BlockStatement": 0.027571472174178453,
    "StatementExpression": 0.06178994133007766,
    "MethodInvocation": 0.19123681622409874,
    "Literal": 0.07074303930545664,
    "ThrowStatement": 0.00400176348899515,
    "ClassCreator": 0.025197544680706754,
    "This": 0.020347949944043136,
    "Cast": 0.012242683216332621,
    "BasicType": 0.01810967545019839,
    "ReturnStatement": 0.06053515108352833,
    "BreakStatement": 0.002102621494217791,
    "LocalVariableDeclaration": 0.025163631430800013,
    "VariableDeclarator": 0.040899379387526705,
    "Assignment": 0.019025333197680332,
    "ArraySelector": 0.002102621494217791,
    "SwitchStatement": 0.00040695899888086275,
    "ContinueStatement": 0.00023739274934716993,
    "TernaryExpression": 0.002950452741886255,
    "WhileStatement": 0.0010513107471088955,
    "FieldDeclaration": 0.01061484722080917,
    "TryStatement": 0.0014921829958964967,
    "CatchClause": 0.001627835995523451,
    "CatchClauseParameter": 0.001627835995523451,
    "ConstructorDeclaration": 0.001322616746362804,
    "ReferenceType": 0.033065418659070096,
    "TypeArgument": 0.017465323701970358,
    "ClassReference": 0.001627835995523451,
    "ForStatement": 0.005120900735917523,
    "EnhancedForControl": 0.004137416488622104,
    "VariableDeclaration": 0.005120900735917523,
    "FormalParameter": 0.014514870960084105,
    "MethodDeclaration": 0.01203920371689219,
    "SuperConstructorInvocation": 0.00033913249906738563,
    "ExplicitConstructorInvocation": 0.0011869637467358497,
    "ForControl": 0.0009834842472954183,
    "SuperMethodInvocation": 0.004069589988808627,
    "ArrayCreator": 0.00033913249906738563,
    "ArrayInitializer": 0.00020347949944043138,
    "Annotation": 0.0015260962458032354,
    "ElementValuePair": 0.000542611998507817,
    "SynchronizedStatement": 0.00010173974972021569,
    "Statement": 3.3913249906738565e-05,
    "len": 46
}