{
    "Model": "GPT3.5-turbo",
    "LocalVariableDeclaration": 0.032884706377162086,
    "BasicType": 0.015167446506492824,
    "VariableDeclarator": 0.04521318542663372,
    "MethodInvocation": 0.1892119236633195,
    "ReturnStatement": 0.05798853898322906,
    "IfStatement": 0.02470953157036959,
    "MemberReference": 0.22372640765469745,
    "BlockStatement": 0.03175437674149624,
    "ThrowStatement": 0.0025761000998895957,
    "ClassCreator": 0.02381578255612218,
    "BinaryOperation": 0.056910782818989536,
    "Literal": 0.06208926975448189,
    "This": 0.020240786499132538,
    "Cast": 0.01224961884233216,
    "StatementExpression": 0.06979128331843752,
    "Assignment": 0.022816886599022132,
    "BreakStatement": 0.0008674622785342516,
    "TernaryExpression": 0.003732716471268598,
    "SwitchStatement": 0.00018400714999211397,
    "WhileStatement": 0.001656064349929026,
    "ArraySelector": 0.005283633878344987,
    "ContinueStatement": 0.00018400714999211397,
    "FieldDeclaration": 0.007623153356816151,
    "ConstructorDeclaration": 0.0013406235213711162,
    "MethodDeclaration": 0.01104042899952684,
    "FormalParameter": 0.011119289206666317,
    "ReferenceType": 0.026470742863151254,
    "TryStatement": 0.0008937490142474108,
    "CatchClause": 0.0009200357499605699,
    "CatchClauseParameter": 0.0009200357499605699,
    "ForStatement": 0.0046790389569423265,
    "EnhancedForControl": 0.0034435623784238472,
    "VariableDeclaration": 0.0046790389569423265,
    "TypeArgument": 0.012170758635192682,
    "SuperMethodInvocation": 0.005493927764050261,
    "ExplicitConstructorInvocation": 0.0006308816571158194,
    "ForControl": 0.0012354765785184795,
    "ClassReference": 0.0009726092213868881,
    "SuperConstructorInvocation": 0.0002628673571315914,
    "ArrayCreator": 0.0015772041427895484,
    "ArrayInitializer": 0.00018400714999211397,
    "Statement": 0.00015772041427895484,
    "SwitchStatementCase": 0.00010514694285263655,
    "Annotation": 5.257347142631828e-05,
    "InterfaceDeclaration": 7.886020713947742e-05,
    "EnumDeclaration": 0.0002628673571315914,
    "EnumBody": 0.0002628673571315914,
    "EnumConstantDeclaration": 5.257347142631828e-05,
    "TypeParameter": 0.00023658062141843227,
    "SynchronizedStatement": 7.886020713947742e-05,
    "len": 51
}