{
    "Model": "GPT4o-mini",
    "IfStatement": 0.02870694842660437,
    "BinaryOperation": 0.04481257300626527,
    "MemberReference": 0.19450638915436622,
    "BlockStatement": 0.036317298502707866,
    "MethodDeclaration": 0.016707373190329545,
    "ReferenceType": 0.049555767937418144,
    "FormalParameter": 0.025344235602279566,
    "StatementExpression": 0.06732505044069237,
    "MethodInvocation": 0.16353403419347987,
    "Cast": 0.01132703267140986,
    "BasicType": 0.01868960390782627,
    "ReturnStatement": 0.055290078227319385,
    "LocalVariableDeclaration": 0.030087430533432446,
    "VariableDeclarator": 0.04863544653286609,
    "This": 0.019291352518494922,
    "ArraySelector": 0.001380482106828077,
    "Literal": 0.07047538140242823,
    "SwitchStatement": 0.001132703267140986,
    "Assignment": 0.020813422533715622,
    "BreakStatement": 0.0006725425648649605,
    "TernaryExpression": 0.002548582351067219,
    "WhileStatement": 0.0016990549007114793,
    "ContinueStatement": 0.00031857279388340236,
    "FieldDeclaration": 0.012424338961452692,
    "TryStatement": 0.0018760397862022584,
    "CatchClause": 0.0018760397862022584,
    "CatchClauseParameter": 0.0018760397862022584,
    "ClassCreator": 0.022477080457328946,
    "ThrowStatement": 0.002583979328165375,
    "ConstructorDeclaration": 0.00194683374039857,
    "ExplicitConstructorInvocation": 0.00031857279388340236,
    "TypeArgument": 0.019078970655905986,
    "ClassReference": 0.0015928639694170119,
    "ForStatement": 0.006123677037980956,
    "EnhancedForControl": 0.004955576793741814,
    "VariableDeclaration": 0.006123677037980956,
    "ForControl": 0.001168100244239142,
    "ArrayInitializer": 0.00017698488549077907,
    "SuperMethodInvocation": 0.00431843120597501,
    "ArrayCreator": 0.0004601607022760256,
    "Annotation": 0.00010619093129446746,
    "SuperConstructorInvocation": 0.00035396977098155815,
    "Statement": 0.00014158790839262326,
    "TypeParameter": 0.0006725425648649605,
    "EnumDeclaration": 7.079395419631163e-05,
    "EnumBody": 7.079395419631163e-05,
    "SynchronizedStatement": 3.5396977098155815e-05,
    "len": 48
}