{
    "Model": "GPT4o",
    "MethodDeclaration": 0.019596253523688278,
    "ReferenceType": 0.05528780576520869,
    "FormalParameter": 0.023324543057197417,
    "ReturnStatement": 0.05283259070655633,
    "ClassCreator": 0.029462580703828317,
    "IfStatement": 0.020369191597708464,
    "MethodInvocation": 0.1718650541056652,
    "MemberReference": 0.19037010093661907,
    "BlockStatement": 0.02809857233791034,
    "StatementExpression": 0.06956442666181686,
    "Cast": 0.013867418386832772,
    "BasicType": 0.01582249704464854,
    "BinaryOperation": 0.03705556060743839,
    "Literal": 0.05760661998726926,
    "Assignment": 0.023597344730381012,
    "LocalVariableDeclaration": 0.033554605801582246,
    "VariableDeclarator": 0.05196871874147495,
    "TernaryExpression": 0.002136946439938165,
    "WhileStatement": 0.0018186778212239702,
    "ArraySelector": 0.0028189506228971538,
    "BreakStatement": 0.0013640083659179777,
    "ThrowStatement": 0.0015458761480403747,
    "DoStatement": 4.546694553059925e-05,
    "ContinueStatement": 0.00022733472765299628,
    "TryStatement": 0.0015458761480403747,
    "CatchClause": 0.0015458761480403747,
    "CatchClauseParameter": 0.0015458761480403747,
    "FieldDeclaration": 0.011639538055833409,
    "ConstructorDeclaration": 0.0010912066927343822,
    "ExplicitConstructorInvocation": 0.000727471128489588,
    "ArrayCreator": 0.0010457397472037827,
    "TypeArgument": 0.024370282804401202,
    "ClassReference": 0.0024552150586523596,
    "ForStatement": 0.00668364099299809,
    "EnhancedForControl": 0.005774302082386105,
    "VariableDeclaration": 0.00668364099299809,
    "This": 0.023279076111666817,
    "SuperConstructorInvocation": 0.00031826861871419476,
    "Statement": 0.00013640083659179777,
    "SuperMethodInvocation": 0.004182958988815131,
    "ForControl": 0.0009093389106119851,
    "Annotation": 0.00031826861871419476,
    "SwitchStatement": 0.0004092025097753933,
    "TypeParameter": 0.0009548058561425843,
    "SynchronizedStatement": 0.000181867782122397,
    "len": 46
}