{
    "Model": "leam",
    "StatementExpression": 0.0611548673222682,
    "SuperConstructorInvocation": 0.0004894762604013706,
    "MemberReference": 0.2188700514691704,
    "Assignment": 0.021967101262255446,
    "IfStatement": 0.05066820925851763,
    "BlockStatement": 0.05195864667230306,
    "MethodInvocation": 0.1341609931918302,
    "ReturnStatement": 0.016657025467598154,
    "BinaryOperation": 0.08021477625001854,
    "ArraySelector": 0.010471825449799018,
    "Literal": 0.07330277814859312,
    "LocalVariableDeclaration": 0.030599682582061437,
    "BasicType": 0.02990254972633827,
    "VariableDeclarator": 0.03313605956777763,
    "BreakStatement": 0.0014239309393494414,
    "WhileStatement": 0.0005191414883044839,
    "TernaryExpression": 0.003367003367003367,
    "SuperMethodInvocation": 0.00037081534878891705,
    "MethodDeclaration": 0.020024028834601523,
    "ReferenceType": 0.056808911434462095,
    "FormalParameter": 0.0506088788027114,
    "Cast": 0.006422521841024043,
    "ClassCreator": 0.012711550156484078,
    "TypeArgument": 0.009552203384802505,
    "This": 0.007178985152553435,
    "ArrayCreator": 0.0018392441299930286,
    "ForStatement": 0.0025512095996677495,
    "EnhancedForControl": 0.0018244115160414719,
    "VariableDeclaration": 0.002477046529909966,
    "ForControl": 0.0007267980836262774,
    "ClassReference": 0.0010086177487058545,
    "ContinueStatement": 0.0007119654696747207,
    "ConstructorDeclaration": 0.0039009774692594077,
    "TypeParameter": 0.002106231181121049,
    "AssertStatement": 7.416306975778341e-05,
    "ArrayInitializer": 0.00020765659532179356,
    "Annotation": 2.9665227903113365e-05,
    "len": 38
}