{
    "Model": "Major",
    "ForStatement": 0.04077310034418851,
    "ForControl": 0.04077310034418851,
    "VariableDeclaration": 0.04050833995234313,
    "BasicType": 0.04633306857294149,
    "VariableDeclarator": 0.04686258935663225,
    "Literal": 0.08101667990468626,
    "BinaryOperation": 0.16679904686258937,
    "MemberReference": 0.3050039714058777,
    "BlockStatement": 0.07969287794545936,
    "BreakStatement": 0.0018533227429176596,
    "WhileStatement": 0.006089489012443739,
    "ArraySelector": 0.009531374106433678,
    "Statement": 0.0005295207836907599,
    "MethodInvocation": 0.050833995234312944,
    "IfStatement": 0.03335980937251787,
    "LocalVariableDeclaration": 0.005824728620598359,
    "StatementExpression": 0.021180831347630394,
    "Assignment": 0.017209425469949694,
    "ReturnStatement": 0.003706645485835319,
    "Cast": 0.00026476039184537993,
    "TernaryExpression": 0.0010590415673815197,
    "This": 0.0007942811755361397,
    "len": 23
}