{
    "Model": "mBERT",
    "IfStatement": 0.025108873162765378,
    "MemberReference": 0.23206995100707675,
    "BlockStatement": 0.03116494284158955,
    "ReturnStatement": 0.06287425149700598,
    "MethodInvocation": 0.1933179096352749,
    "LocalVariableDeclaration": 0.04606695699510071,
    "BasicType": 0.01949510070767556,
    "VariableDeclarator": 0.0520890038105607,
    "StatementExpression": 0.0896842678279804,
    "Assignment": 0.028613228089275994,
    "BinaryOperation": 0.04140582471420795,
    "Literal": 0.09560424605334784,
    "Cast": 0.008369624387588459,
    "This": 0.011805933587370714,
    "TernaryExpression": 0.003946652150244964,
    "SwitchStatement": 0.0014629831246597714,
    "ArraySelector": 0.005817909635274904,
    "WhileStatement": 0.0015310288513881328,
    "ClassCreator": 0.01731763745236799,
    "ThrowStatement": 0.004899292324442025,
    "ArrayCreator": 0.001633097441480675,
    "ClassReference": 0.000884594447468699,
    "TypeArgument": 0.00513745236799129,
    "ForStatement": 0.006022046815459989,
    "EnhancedForControl": 0.004116766467065869,
    "VariableDeclaration": 0.006022046815459989,
    "ForControl": 0.001905280348394121,
    "SuperMethodInvocation": 0.001258845944474687,
    "ArrayInitializer": 0.00017011431682090365,
    "ContinueStatement": 0.00013609145345672293,
    "Statement": 3.402286336418073e-05,
    "SynchronizedStatement": 3.402286336418073e-05,
    "len": 33
}