{
    "Model": "starchat",
    "IfStatement": 0.04910539513919015,
    "BinaryOperation": 0.09408428648517103,
    "MemberReference": 0.21767836548126673,
    "BlockStatement": 0.05801441102093936,
    "WhileStatement": 0.00762874162795865,
    "MethodInvocation": 0.12263122811101353,
    "ReturnStatement": 0.03954037096211023,
    "Literal": 0.08178942133719884,
    "StatementExpression": 0.04104284157399668,
    "Assignment": 0.02092878077684079,
    "ArraySelector": 0.006803440869316799,
    "LocalVariableDeclaration": 0.0391488821407032,
    "BasicType": 0.02833532604670356,
    "VariableDeclarator": 0.04647078117891039,
    "This": 0.011035752452095524,
    "TernaryExpression": 0.002729840970892277,
    "SwitchStatement": 0.001110981790479415,
    "ClassCreator": 0.014918898329295003,
    "Cast": 0.0069621525536710015,
    "BreakStatement": 0.0005502005057612341,
    "SuperMethodInvocation": 0.003565722508491075,
    "ArrayCreator": 0.001735247748939277,
    "ForStatement": 0.003354106929352139,
    "ForControl": 0.0019257017701643194,
    "VariableDeclaration": 0.003354106929352139,
    "ThrowStatement": 0.0005184581688903937,
    "FieldDeclaration": 0.003809080424500852,
    "SuperConstructorInvocation": 0.00022219635809588302,
    "ClassReference": 0.0010898202325655216,
    "MethodDeclaration": 0.017796870205584535,
    "FormalParameter": 0.02185988932505211,
    "ReferenceType": 0.03354106929352139,
    "TypeArgument": 0.00972373586143412,
    "EnhancedForControl": 0.0014284051591878194,
    "Statement": 2.116155791389362e-05,
    "TryStatement": 0.0011850472431780429,
    "CatchClause": 0.0011850472431780429,
    "CatchClauseParameter": 0.0011850472431780429,
    "ConstructorDeclaration": 0.000952270106125213,
    "ContinueStatement": 6.348467374168086e-05,
    "ArrayInitializer": 0.00028568103183756387,
    "ExplicitConstructorInvocation": 6.348467374168086e-05,
    "LambdaExpression": 1.058077895694681e-05,
    "EnumDeclaration": 0.0001058077895694681,
    "EnumBody": 0.0001058077895694681,
    "InterfaceDeclaration": 7.406545269862768e-05,
    "TypeParameter": 0.00028568103183756387,
    "VoidClassReference": 1.058077895694681e-05,
    "SynchronizedStatement": 2.116155791389362e-05,
    "SwitchStatementCase": 1.058077895694681e-05,
    "len": 51
}