{
    "Model": "codellama",
    "len": 33,
    "Literal": 0.4775718126503467,
    "BinaryOperation": 0.25654450261780104,
    "MethodInvocation": 0.09310881562190462,
    "ClassCreator": 0.05377104853544644,
    "MemberReference": 0.03848875053063535,
    "TypeArgument": 0.009763690391962643,
    "ReturnStatement": 0.008348662798924579,
    "ArrayCreator": 0.007782651761709353,
    "StatementExpression": 0.0060846186500636765,
    "BlockStatement": 0.005377104853544644,
    "ContinueStatement": 0.005377104853544644,
    "IfStatement": 0.005235602094240838,
    "Assignment": 0.005094099334937032,
    "BasicType": 0.005094099334937032,
    "ThrowStatement": 0.0033960662232913543,
    "ArraySelector": 0.0024055469081647094,
    "This": 0.0024055469081647094,
    "Cast": 0.0018395358709494835,
    "TernaryExpression": 0.0016980331116456771,
    "LocalVariableDeclaration": 0.0016980331116456771,
    "VariableDeclarator": 0.0016980331116456771,
    "LambdaExpression": 0.0015565303523418707,
    "ClassReference": 0.0011320220744304515,
    "BreakStatement": 0.0009905193151266449,
    "ArrayInitializer": 0.0009905193151266449,
    "FormalParameter": 0.0007075137965190322,
    "InferredFormalParameter": 0.0005660110372152257,
    "MethodReference": 0.0004245082779114193,
    "CatchClause": 0.0002830055186076129,
    "CatchClauseParameter": 0.0002830055186076129,
    "VoidClassReference": 0.00014150275930380644,
    "TryStatement": 0.00014150275930380644
}