{
    "Model": "deepseek",
    "len": 50,
    "Literal": 0.38779593197732576,
    "BinaryOperation": 0.19061909525397355,
    "MethodInvocation": 0.10120040013337779,
    "ClassCreator": 0.07735911970656886,
    "MemberReference": 0.05890852506391019,
    "TernaryExpression": 0.035289540958097144,
    "IfStatement": 0.017839279759919974,
    "ThrowStatement": 0.016283205512948762,
    "StatementExpression": 0.013726797821496054,
    "Assignment": 0.013171057019006335,
    "ReturnStatement": 0.012670890296765588,
    "BasicType": 0.009003001000333445,
    "ContinueStatement": 0.008836278759586529,
    "This": 0.008558408358341669,
    "Cast": 0.007891519395354006,
    "ArrayCreator": 0.006724463710125597,
    "LambdaExpression": 0.00622429698788485,
    "BreakStatement": 0.003167722574191397,
    "TypeArgument": 0.0028898521729465378,
    "VariableDeclarator": 0.0020562409692119594,
    "ArraySelector": 0.0019450928087140157,
    "ArrayInitializer": 0.001833944648216072,
    "MethodReference": 0.0017783705679671,
    "ClassReference": 0.0017227964877181282,
    "CatchClause": 0.0015560742469712125,
    "CatchClauseParameter": 0.0015560742469712125,
    "BlockStatement": 0.0008336112037345782,
    "TryStatement": 0.0008336112037345782,
    "LocalVariableDeclaration": 0.0008336112037345782,
    "ReferenceType": 0.0008336112037345782,
    "AssertStatement": 0.0008336112037345782,
    "FieldDeclaration": 0.0007224630432366344,
    "ForStatement": 0.0005557408024897188,
    "VariableDeclaration": 0.0005001667222407469,
    "FormalParameter": 0.000444592641991775,
    "ExplicitConstructorInvocation": 0.000444592641991775,
    "ForControl": 0.00038901856174280313,
    "SuperMethodInvocation": 0.00038901856174280313,
    "InferredFormalParameter": 0.00033344448149383126,
    "Annotation": 0.0002778704012448594,
    "WhileStatement": 0.0002222963209958875,
    "DoStatement": 0.00016672224074691563,
    "EnhancedForControl": 0.00016672224074691563,
    "SwitchStatementCase": 0.00016672224074691563,
    "MethodDeclaration": 0.00011114816049794375,
    "SynchronizedStatement": 0.00011114816049794375,
    "SwitchStatement": 0.00011114816049794375,
    "SuperConstructorInvocation": 5.5574080248971876e-05,
    "Statement": 5.5574080248971876e-05
}