{
    "Model": "GPT3.5-turbo",
    "len": 40,
    "Literal": 0.39220827870387714,
    "BinaryOperation": 0.17315976774676906,
    "MethodInvocation": 0.09945682712118374,
    "MemberReference": 0.0757632515452332,
    "ClassCreator": 0.06621090091777486,
    "ReturnStatement": 0.033901479677842294,
    "StatementExpression": 0.02434912905038397,
    "Assignment": 0.023787226072298183,
    "This": 0.0220078666416932,
    "TernaryExpression": 0.009926952612848847,
    "VariableDeclarator": 0.008334894174939126,
    "ThrowStatement": 0.007960292189548605,
    "IfStatement": 0.0077729911968533434,
    "ContinueStatement": 0.0061809327589436225,
    "BasicType": 0.005244427795467316,
    "BlockStatement": 0.005150777299119685,
    "LocalVariableDeclaration": 0.005150777299119685,
    "TypeArgument": 0.004963476306424424,
    "ReferenceType": 0.004869825810076793,
    "Cast": 0.003933320846600487,
    "BreakStatement": 0.003184116875819442,
    "FieldDeclaration": 0.003184116875819442,
    "ArrayCreator": 0.0029968158831241805,
    "ArraySelector": 0.0025285634013860274,
    "SuperMethodInvocation": 0.001311106948866829,
    "Annotation": 0.0012174564525191983,
    "ArrayInitializer": 0.001030155459823937,
    "FormalParameter": 0.0007492039707810451,
    "ClassReference": 0.0007492039707810451,
    "MethodReference": 0.0006555534744334144,
    "LambdaExpression": 0.0005619029780857839,
    "AssertStatement": 0.00037460198539052256,
    "SuperMemberReference": 0.00018730099269526128,
    "SuperConstructorInvocation": 0.00018730099269526128,
    "CatchClause": 0.00018730099269526128,
    "CatchClauseParameter": 0.00018730099269526128,
    "InferredFormalParameter": 0.00018730099269526128,
    "TryStatement": 9.365049634763064e-05,
    "ConstructorDeclaration": 9.365049634763064e-05
}