{
    "Model": "GPT4o-mini",
    "len": 43,
    "Literal": 0.43314798432958423,
    "BinaryOperation": 0.21610008846202453,
    "ClassCreator": 0.07557184380133956,
    "MethodInvocation": 0.06426134209528624,
    "MemberReference": 0.035637558448123344,
    "TernaryExpression": 0.03557437128775433,
    "IfStatement": 0.02097813724251232,
    "Assignment": 0.011752811828636422,
    "ArrayCreator": 0.011563250347529383,
    "Cast": 0.010868191583470238,
    "BasicType": 0.009288512574244914,
    "ThrowStatement": 0.008909389612030836,
    "StatementExpression": 0.008719828130923797,
    "ReturnStatement": 0.007519272083912549,
    "BlockStatement": 0.007013774800960445,
    "This": 0.005876405914318211,
    "ContinueStatement": 0.004233539744723872,
    "ArrayInitializer": 0.004043978263616833,
    "ClassReference": 0.003728042461771768,
    "TypeArgument": 0.00334891949955769,
    "ArraySelector": 0.0030329836977126246,
    "VariableDeclarator": 0.0027802350562365725,
    "LocalVariableDeclaration": 0.0024642992543915075,
    "BreakStatement": 0.0024011120940224946,
    "SuperMethodInvocation": 0.0018324276507013775,
    "CatchClause": 0.0015164918488563123,
    "CatchClauseParameter": 0.0015164918488563123,
    "LambdaExpression": 0.0013901175281182863,
    "ReferenceType": 0.0011373688866422344,
    "TryStatement": 0.0007582459244281562,
    "ForStatement": 0.0005054972829521042,
    "VariableDeclaration": 0.0005054972829521042,
    "MethodReference": 0.0003791229622140781,
    "InferredFormalParameter": 0.0003791229622140781,
    "EnhancedForControl": 0.0003159358018450651,
    "AssertStatement": 0.0002527486414760521,
    "ForControl": 0.00018956148110703904,
    "FormalParameter": 0.00012637432073802604,
    "WhileStatement": 0.00012637432073802604,
    "Statement": 0.00012637432073802604,
    "DoStatement": 6.318716036901302e-05,
    "VoidClassReference": 6.318716036901302e-05
}