{
    "Model": "GPT4o",
    "len": 43,
    "Literal": 0.45453709662590785,
    "BinaryOperation": 0.1658545554840489,
    "ClassCreator": 0.08807575618277098,
    "MethodInvocation": 0.06297692378413165,
    "MemberReference": 0.053507400937758576,
    "This": 0.022800404523306058,
    "IfStatement": 0.01765192608255953,
    "Assignment": 0.01470993840213294,
    "TernaryExpression": 0.01259538475682633,
    "ThrowStatement": 0.012319573411786338,
    "ReturnStatement": 0.012043762066746346,
    "ContinueStatement": 0.011308265146639698,
    "StatementExpression": 0.010205019766479728,
    "ArrayCreator": 0.00946952284637308,
    "Cast": 0.007998529006159787,
    "BasicType": 0.007446906316079802,
    "BreakStatement": 0.005608164015813184,
    "BlockStatement": 0.004504918635653213,
    "TypeArgument": 0.0034016732554932425,
    "ArraySelector": 0.0026661763353865954,
    "SuperMethodInvocation": 0.0026661763353865954,
    "ClassReference": 0.002482302105359934,
    "ArrayInitializer": 0.0020226165302932794,
    "VariableDeclarator": 0.0020226165302932794,
    "LambdaExpression": 0.0013790567251999633,
    "CatchClause": 0.0011032453801599707,
    "CatchClauseParameter": 0.0011032453801599707,
    "LocalVariableDeclaration": 0.0011032453801599707,
    "AssertStatement": 0.0010113082651466397,
    "ReferenceType": 0.0010113082651466397,
    "ForStatement": 0.0006435598050933162,
    "VariableDeclaration": 0.0006435598050933162,
    "MethodReference": 0.0005516226900799853,
    "EnhancedForControl": 0.0005516226900799853,
    "TryStatement": 0.0005516226900799853,
    "SuperConstructorInvocation": 0.0004596855750666544,
    "SuperMemberReference": 0.00027581134503999266,
    "FieldDeclaration": 0.00027581134503999266,
    "VoidClassReference": 0.00018387423002666178,
    "Statement": 9.193711501333089e-05,
    "Annotation": 9.193711501333089e-05,
    "ForControl": 9.193711501333089e-05
}