{
    "Model": "leam",
    "len": 22,
    "Literal": 0.231935771632471,
    "MemberReference": 0.14362176628010706,
    "Cast": 0.09611953612845674,
    "Assignment": 0.08920606601248884,
    "StatementExpression": 0.07760927743086529,
    "MethodInvocation": 0.07091882247992863,
    "This": 0.059545049063336304,
    "BinaryOperation": 0.04103479036574487,
    "ReturnStatement": 0.034344335414808205,
    "BreakStatement": 0.028991971454058876,
    "ClassCreator": 0.02631578947368421,
    "ContinueStatement": 0.022747546833184657,
    "TypeArgument": 0.015165031222123104,
    "BasicType": 0.014719000892060661,
    "LocalVariableDeclaration": 0.013826940231935772,
    "VariableDeclarator": 0.013826940231935772,
    "ArraySelector": 0.008028545941123996,
    "ArrayCreator": 0.003791257805530776,
    "TernaryExpression": 0.0031222123104371097,
    "SuperMethodInvocation": 0.0026761819803746653,
    "SuperConstructorInvocation": 0.0024531668153434435
}