{
    "Model": "Major",
    "len": 3,
    "Statement": 0.8858808829654311,
    "Literal": 0.11411911703456892
}