{
    "Model": "mBERT",
    "len": 22,
    "StatementExpression": 0.48472727272727273,
    "MemberReference": 0.24545454545454545,
    "BinaryOperation": 0.05490909090909091,
    "Literal": 0.05381818181818182,
    "LocalVariableDeclaration": 0.038181818181818185,
    "VariableDeclarator": 0.038181818181818185,
    "ClassCreator": 0.02290909090909091,
    "This": 0.020727272727272726,
    "Assignment": 0.014181818181818183,
    "IfStatement": 0.0061818181818181816,
    "MethodInvocation": 0.005818181818181818,
    "TypeArgument": 0.0047272727272727275,
    "ArrayCreator": 0.0032727272727272726,
    "BlockStatement": 0.0018181818181818182,
    "Cast": 0.0018181818181818182,
    "TernaryExpression": 0.0007272727272727272,
    "SuperConstructorInvocation": 0.0007272727272727272,
    "ReturnStatement": 0.0007272727272727272,
    "Statement": 0.0003636363636363636,
    "ArraySelector": 0.0003636363636363636,
    "ArrayInitializer": 0.0003636363636363636
}