{
    "Model": "starchat",
    "len": 46,
    "Literal": 0.22668543562415164,
    "BinaryOperation": 0.13810265949424363,
    "MemberReference": 0.13131567040370015,
    "MethodInvocation": 0.10683223568448041,
    "StatementExpression": 0.06414961540395153,
    "BlockStatement": 0.04811221155296365,
    "IfStatement": 0.044593032024533706,
    "Assignment": 0.034085767432507165,
    "ReturnStatement": 0.03343220552008446,
    "ClassCreator": 0.02347795485395405,
    "BasicType": 0.018199185561309134,
    "VariableDeclarator": 0.015836307877934743,
    "Cast": 0.013573978181086924,
    "ArraySelector": 0.013272334221507214,
    "LocalVariableDeclaration": 0.011814388416871952,
    "This": 0.011010004524659394,
    "ForStatement": 0.006636167110753607,
    "VariableDeclaration": 0.006585893117490322,
    "TernaryExpression": 0.006133427178120758,
    "ThrowStatement": 0.0047760293600120655,
    "EnhancedForControl": 0.004021919461062793,
    "ReferenceType": 0.0032678095621135185,
    "FieldDeclaration": 0.003116987582323664,
    "ArrayCreator": 0.0027650696294806696,
    "ForControl": 0.002614247649690815,
    "LambdaExpression": 0.002513699663164245,
    "InferredFormalParameter": 0.0023126036901111057,
    "BreakStatement": 0.002111507717057966,
    "FormalParameter": 0.0018601377507415414,
    "TypeArgument": 0.0018601377507415414,
    "WhileStatement": 0.0016590417776884017,
    "MethodReference": 0.0016590417776884017,
    "SwitchStatementCase": 0.001508219797898547,
    "MethodDeclaration": 0.001508219797898547,
    "CatchClause": 0.001508219797898547,
    "CatchClauseParameter": 0.001508219797898547,
    "ArrayInitializer": 0.0012065758383188376,
    "Statement": 0.0009049318787391282,
    "TryStatement": 0.0008043838922125585,
    "SuperMethodInvocation": 0.0008043838922125585,
    "ContinueStatement": 0.0006535619124227038,
    "SwitchStatement": 0.0005530139258961339,
    "ClassReference": 0.0004524659393695641,
    "DoStatement": 0.0001508219797898547,
    "ConstructorDeclaration": 5.0273993263284905e-05
}